name,address,phone,email,birthday
John,London,+38050123456789,john@gmail.com,01-01-2001
Jack,London,+380501234567,jack@gmail.com,02-02-2002
Emily,Kyiv,05036547894,emily@gmail.com,04-11-2018
Svitlana,Kyiv,05098754532,svitlana@gmail.com,02-04-1969
Lucas,asd,050356987,lucas@gmail.com,04-04-2004
Louis,asd,05098765123,luis@gmail.com,05-05-2005
Black,asd,0598756421,black@gmail.com,09-09-2009
Emmma,asd,654897,emma@gmail.com,25-12-2003
